Title,IMDB Rating,Year,Length,URL
1. James Hyde - The Very Thought of You,10,2025,N/A,https://www.imdb.com/title/tt33760110/?ref_=sr_t_1
2. Gladiatory,10,2025,N/A,https://www.imdb.com/title/tt36132587/?ref_=sr_t_2
3. Just the Janitor,10,2024,25m,https://www.imdb.com/title/tt23557478/?ref_=sr_t_3
4. Debt,10,2024,10m,https://www.imdb.com/title/tt37541205/?ref_=sr_t_4
5. Crazy- 7: Fate of the Crazy Squad,10,2018,N/A,https://www.imdb.com/title/tt8928550/?ref_=sr_t_5
6. The Mike UwU Movie,10,2023,2m,https://www.imdb.com/title/tt30393811/?ref_=sr_t_6
7. Super Dupers,10,2022,38m,https://www.imdb.com/title/tt27161034/?ref_=sr_t_7
8. Art of Steal,10,2023,N/A,https://www.imdb.com/title/tt30057489/?ref_=sr_t_8
9. Overturn,10,2009,11m,https://www.imdb.com/title/tt1451680/?ref_=sr_t_9
10. Spy Cat: A Crazy Story- 3,10,2020,N/A,https://www.imdb.com/title/tt12410512/?ref_=sr_t_10
